Model,ANLS,EM,F1,Total_Latency,Throughput,Memory_Used_MB,Retrieval_Latency,Indexing_Time,Index_Size_KB
Hybrid,0.24,0.2,0.3,14.2,0.07042253521126761,4600,0.05,0.12,1.5
VLM,0.17,0.1,0.2,4.2,0.23809523809523808,4100,0.0,0.0,0.0
Tesseract,0.17,0.1,0.3,11.0,0.09090909090909091,350,0.05,0.12,1.5
PaddleOCR,0.13,0.0,0.1,52.3,0.019120458891013385,850,0.05,0.12,1.5
